{
  "name": "ecosphere-mobile",
  "version": "1.0.0",
  "main": "expo-router",
  "scripts": {
    "start": "expo start",
    "android": "expo start --android",
    "ios": "expo start --ios",
    "web": "expo start --web"
  },
  "dependencies": {
    "@react-native-async-storage/async-storage": "1.21.0",
    "@react-navigation/native": "^6.1.9",
    "@react-navigation/bottom-tabs": "^6.5.11",
    "@supabase/supabase-js": "^2.57.4",
    "expo": "~50.0.0",
    "expo-blur": "~12.9.2",
    "expo-linear-gradient": "~12.7.2",
    "expo-router": "~3.4.0",
    "expo-status-bar": "~1.11.1",
    "react": "18.2.0",
    "react-native": "0.73.2",
    "react-native-safe-area-context": "4.8.2",
    "react-native-screens": "~3.29.0",
    "react-native-svg": "14.1.0",
    "react-native-vector-icons": "^10.0.3",
    "@expo/vector-icons": "^14.0.0",
    "react-native-reanimated": "~3.6.1",
    "react-native-url-polyfill": "^2.0.0"
  },
  "devDependencies": {
    "@babel/core": "^7.20.0",
    "@types/react": "~18.2.45",
    "typescript": "^5.3.0"
  },
  "private": true
}
